Priority,CVE,Severity,CVSS,Package,Namespace,Version Installed,Fixed Version,Hostname,Instance ID,First Seen,Exploit Public,Exploit Wormified,VM Provider,Collector Type,CVE Link
11.96,CVE-2025-7783,Critical,9.96,form-data,npm,2.3.1,2.5.4,ip-172-17-2-49.ap-southeast-1.compute.internal,i-0799e3a4b56be2630,2025-07-24,Yes,No,AWS,Agentless,https://cve.mitre.org/cgi-bin/cvename.cgi?name=CVE-2025-7783
11.96,CVE-2025-7783,Critical,9.96,form-data,npm,2.1.4,2.5.4,ip-10-100-3-123.ap-southeast-1.compute.internal,i-0f3c4563f1c12a574,2025-07-24,Yes,No,AWS,Agentless,https://cve.mitre.org/cgi-bin/cvename.cgi?name=CVE-2025-7783
11.96,CVE-2025-7783,Critical,9.96,form-data,npm,2.1.4,2.5.4,ip-172-17-2-49.ap-southeast-1.compute.internal,i-0799e3a4b56be2630,2025-07-24,Yes,No,AWS,Agentless,https://cve.mitre.org/cgi-bin/cvename.cgi?name=CVE-2025-7783
11.96,CVE-2025-7783,Critical,9.96,form-data,npm,4.0.1,4.0.4,ip-10-100-3-123.ap-southeast-1.compute.internal,i-0f3c4563f1c12a574,2025-07-24,Yes,No,AWS,Agentless,https://cve.mitre.org/cgi-bin/cvename.cgi?name=CVE-2025-7783
11.96,GHSA-vjh7-7g9h-fjfh,Critical,9.96,elliptic,npm,6.5.2,6.6.1,ip-10-100-3-123.ap-southeast-1.compute.internal,i-0f3c4563f1c12a574,2025-05-31,Yes,No,AWS,Agentless,https://github.com/advisories/GHSA-vjh7-7g9h-fjfh
11.96,GHSA-vjh7-7g9h-fjfh,Critical,9.96,elliptic,npm,6.4.0,6.6.1,ip-172-17-2-49.ap-southeast-1.compute.internal,i-0799e3a4b56be2630,2025-03-18,Yes,No,AWS,Agentless,https://github.com/advisories/GHSA-vjh7-7g9h-fjfh
11.96,GHSA-vjh7-7g9h-fjfh,Critical,9.96,elliptic,npm,6.4.0,6.6.1,ip-10-100-3-123.ap-southeast-1.compute.internal,i-0f3c4563f1c12a574,2025-05-31,Yes,No,AWS,Agentless,https://github.com/advisories/GHSA-vjh7-7g9h-fjfh
11.96,CVE-2025-6547,Critical,9.96,pbkdf2,npm,3.0.12,3.1.3,ip-10-100-3-123.ap-southeast-1.compute.internal,i-0f3c4563f1c12a574,2025-06-26,Yes,No,AWS,Agentless,https://cve.mitre.org/cgi-bin/cvename.cgi?name=CVE-2025-6547
11.96,CVE-2025-6547,Critical,9.96,pbkdf2,npm,3.1.2,3.1.3,ip-10-100-3-123.ap-southeast-1.compute.internal,i-0f3c4563f1c12a574,2025-09-06,Yes,No,AWS,Agentless,https://cve.mitre.org/cgi-bin/cvename.cgi?name=CVE-2025-6547
11.96,CVE-2025-6547,Critical,9.96,pbkdf2,npm,3.0.14,3.1.3,ip-172-17-2-49.ap-southeast-1.compute.internal,i-0799e3a4b56be2630,2025-06-26,Yes,No,AWS,Agentless,https://cve.mitre.org/cgi-bin/cvename.cgi?name=CVE-2025-6547
11.96,CVE-2025-6547,Critical,9.96,pbkdf2,npm,3.0.17,3.1.3,ip-10-100-3-123.ap-southeast-1.compute.internal,i-0f3c4563f1c12a574,2025-06-26,Yes,No,AWS,Agentless,https://cve.mitre.org/cgi-bin/cvename.cgi?name=CVE-2025-6547
11.96,CVE-2025-6545,Critical,9.96,pbkdf2,npm,3.0.12,3.1.3,ip-10-100-3-123.ap-southeast-1.compute.internal,i-0f3c4563f1c12a574,2025-06-26,Yes,No,AWS,Agentless,https://cve.mitre.org/cgi-bin/cvename.cgi?name=CVE-2025-6545
11.96,CVE-2025-6545,Critical,9.96,pbkdf2,npm,3.0.17,3.1.3,ip-10-100-3-123.ap-southeast-1.compute.internal,i-0f3c4563f1c12a574,2025-06-26,Yes,No,AWS,Agentless,https://cve.mitre.org/cgi-bin/cvename.cgi?name=CVE-2025-6545
11.96,CVE-2025-6545,Critical,9.96,pbkdf2,npm,3.1.2,3.1.3,ip-10-100-3-123.ap-southeast-1.compute.internal,i-0f3c4563f1c12a574,2025-09-06,Yes,No,AWS,Agentless,https://cve.mitre.org/cgi-bin/cvename.cgi?name=CVE-2025-6545
11.96,CVE-2025-6545,Critical,9.96,pbkdf2,npm,3.0.14,3.1.3,ip-172-17-2-49.ap-southeast-1.compute.internal,i-0799e3a4b56be2630,2025-06-26,Yes,No,AWS,Agentless,https://cve.mitre.org/cgi-bin/cvename.cgi?name=CVE-2025-6545
11.9,CVE-2025-49708,Critical,9.9,Microsoft Windows Server 2022,win:s2022,KB5048654,KB5066782,ip-172-17-2-185.ap-southeast-1.compute.internal,i-0c8104214f010bf57,2026-02-03,Yes,No,AWS,Agentless,https://msrc.microsoft.com/update-guide/vulnerability/CVE-2025-49708
11.8,CVE-2018-3750,Critical,9.8,deep-extend,npm,0.4.2,0.5.1,ip-10-100-3-123.ap-southeast-1.compute.internal,i-0f3c4563f1c12a574,2025-05-31,Yes,No,AWS,Agentless,https://cve.mitre.org/cgi-bin/cvename.cgi?name=CVE-2018-3750
11.8,CVE-2022-2421,Critical,9.8,socket.io-parser,npm,2.3.1,4.2.1,ip-10-100-3-123.ap-southeast-1.compute.internal,i-0f3c4563f1c12a574,2025-05-31,Yes,No,AWS,Agentless,https://cve.mitre.org/cgi-bin/cvename.cgi?name=CVE-2022-2421
11.8,CVE-2023-45311,Critical,9.8,fsevents,npm,1.1.1,1.2.11,ip-10-100-3-123.ap-southeast-1.compute.internal,i-0f3c4563f1c12a574,2025-05-31,Yes,No,AWS,Agentless,https://cve.mitre.org/cgi-bin/cvename.cgi?name=CVE-2023-45311
11.8,CVE-2023-45311,Critical,9.8,fsevents,npm,1.2.9,1.2.11,ip-10-100-3-123.ap-southeast-1.compute.internal,i-0f3c4563f1c12a574,2025-05-31,Yes,No,AWS,Agentless,https://cve.mitre.org/cgi-bin/cvename.cgi?name=CVE-2023-45311
11.8,CVE-2019-10750,Critical,9.8,deeply,npm,1.0.0,3.1.0,ip-172-17-2-49.ap-southeast-1.compute.internal,i-0799e3a4b56be2630,2025-03-18,Yes,No,AWS,Agentless,https://cve.mitre.org/cgi-bin/cvename.cgi?name=CVE-2019-10750
11.8,CVE-2025-60724,Critical,9.8,Microsoft Windows Server 2022,win:s2022,KB5048654,KB5068787,ip-172-17-2-185.ap-southeast-1.compute.internal,i-0c8104214f010bf57,2026-02-03,Yes,No,AWS,Agentless,https://msrc.microsoft.com/update-guide/vulnerability/CVE-2025-60724
11.8,CVE-2021-44906,Critical,9.8,minimist,npm,0.0.10,0.2.4,ip-172-17-2-49.ap-southeast-1.compute.internal,i-0799e3a4b56be2630,2025-03-18,Yes,No,AWS,Agentless,https://cve.mitre.org/cgi-bin/cvename.cgi?name=CVE-2021-44906
11.8,CVE-2021-44906,Critical,9.8,minimist,npm,1.2.0,1.2.6,ip-172-17-2-49.ap-southeast-1.compute.internal,i-0799e3a4b56be2630,2025-03-18,Yes,No,AWS,Agentless,https://cve.mitre.org/cgi-bin/cvename.cgi?name=CVE-2021-44906
11.8,CVE-2021-44906,Critical,9.8,minimist,npm,0.0.8,0.2.4,ip-172-17-2-49.ap-southeast-1.compute.internal,i-0799e3a4b56be2630,2025-03-18,Yes,No,AWS,Agentless,https://cve.mitre.org/cgi-bin/cvename.cgi?name=CVE-2021-44906
11.8,CVE-2021-44906,Critical,9.8,minimist,npm,1.2.5,1.2.6,ip-172-17-1-165.ap-southeast-1.compute.internal,i-017ae4a71a0aeb374,2025-09-08,Yes,No,AWS,Agentless,https://cve.mitre.org/cgi-bin/cvename.cgi?name=CVE-2021-44906
11.8,CVE-2021-44906,Critical,9.8,minimist,npm,1.2.5,1.2.6,ip-172-17-2-49.ap-southeast-1.compute.internal,i-0799e3a4b56be2630,2025-03-18,Yes,No,AWS,Agentless,https://cve.mitre.org/cgi-bin/cvename.cgi?name=CVE-2021-44906
11.8,CVE-2021-44906,Critical,9.8,minimist,npm,1.2.5,1.2.6,ip-10-100-3-123.ap-southeast-1.compute.internal,i-0f3c4563f1c12a574,2025-05-31,Yes,No,AWS,Agentless,https://cve.mitre.org/cgi-bin/cvename.cgi?name=CVE-2021-44906
11.8,CVE-2021-44906,Critical,9.8,minimist,npm,0.0.8,0.2.4,ip-10-100-3-123.ap-southeast-1.compute.internal,i-0f3c4563f1c12a574,2025-05-31,Yes,No,AWS,Agentless,https://cve.mitre.org/cgi-bin/cvename.cgi?name=CVE-2021-44906
11.8,CVE-2021-44906,Critical,9.8,minimist,npm,1.2.0,1.2.6,ip-10-100-3-123.ap-southeast-1.compute.internal,i-0f3c4563f1c12a574,2025-05-31,Yes,No,AWS,Agentless,https://cve.mitre.org/cgi-bin/cvename.cgi?name=CVE-2021-44906
11.8,CVE-2025-47981,Critical,9.8,Microsoft Windows Server 2022,win:s2022,KB5048654,KB5062572,ip-172-17-2-185.ap-southeast-1.compute.internal,i-0c8104214f010bf57,2026-02-03,Yes,No,AWS,Agentless,https://msrc.microsoft.com/update-guide/vulnerability/CVE-2025-47981
11.8,CVE-2025-59287,Critical,9.8,Microsoft Windows Server 2022,win:s2022,KB5048654,KB5070884,ip-172-17-2-185.ap-southeast-1.compute.internal,i-0c8104214f010bf57,2026-02-03,Yes,No,AWS,Agentless,https://msrc.microsoft.com/update-guide/vulnerability/CVE-2025-59287
11.8,CVE-2025-53766,Critical,9.8,Microsoft Windows Server 2022,win:s2022,KB5048654,KB5063812,ip-172-17-2-185.ap-southeast-1.compute.internal,i-0c8104214f010bf57,2026-02-03,Yes,No,AWS,Agentless,https://msrc.microsoft.com/update-guide/vulnerability/CVE-2025-53766
11.8,CVE-2021-23383,Critical,9.8,handlebars,npm,4.0.11,4.7.7,ip-172-17-2-49.ap-southeast-1.compute.internal,i-0799e3a4b56be2630,2025-03-18,Yes,No,AWS,Agentless,https://cve.mitre.org/cgi-bin/cvename.cgi?name=CVE-2021-23383
11.8,CVE-2018-1000620,Critical,9.8,cryptiles,npm,3.1.2,4.1.2,ip-172-17-2-49.ap-southeast-1.compute.internal,i-0799e3a4b56be2630,2025-03-18,Yes,No,AWS,Agentless,https://cve.mitre.org/cgi-bin/cvename.cgi?name=CVE-2018-1000620
11.8,CVE-2019-19919,Critical,9.8,handlebars,npm,4.0.11,4.3.0,ip-172-17-2-49.ap-southeast-1.compute.internal,i-0799e3a4b56be2630,2025-03-18,Yes,No,AWS,Agentless,https://cve.mitre.org/cgi-bin/cvename.cgi?name=CVE-2019-19919
11.8,CVE-2016-9535,Critical,9.8,Microsoft Windows Server 2022,win:s2022,KB5048654,KB5066782,ip-172-17-2-185.ap-southeast-1.compute.internal,i-0c8104214f010bf57,2026-02-03,Yes,No,AWS,Agentless,https://msrc.microsoft.com/update-guide/vulnerability/CVE-2016-9535
11.8,CVE-2017-16042,Critical,9.8,growl,npm,1.9.2,1.10.0,ip-10-100-3-123.ap-southeast-1.compute.internal,i-0f3c4563f1c12a574,2025-05-31,Yes,No,AWS,Agentless,https://cve.mitre.org/cgi-bin/cvename.cgi?name=CVE-2017-16042
11.8,CVE-2017-16042,Critical,9.8,growl,npm,1.9.2,1.10.0,ip-172-17-2-49.ap-southeast-1.compute.internal,i-0799e3a4b56be2630,2025-03-18,Yes,No,AWS,Agentless,https://cve.mitre.org/cgi-bin/cvename.cgi?name=CVE-2017-16042
11.8,CVE-2021-3918,Critical,9.8,json-schema,npm,0.2.3,0.4.0,ip-10-100-3-123.ap-southeast-1.compute.internal,i-0f3c4563f1c12a574,2025-05-31,Yes,No,AWS,Agentless,https://cve.mitre.org/cgi-bin/cvename.cgi?name=CVE-2021-3918
11.8,CVE-2021-3918,Critical,9.8,json-schema,npm,0.2.3,0.4.0,ip-172-17-2-49.ap-southeast-1.compute.internal,i-0799e3a4b56be2630,2025-03-18,Yes,No,AWS,Agentless,https://cve.mitre.org/cgi-bin/cvename.cgi?name=CVE-2021-3918
11.8,CVE-2021-23369,Critical,9.8,handlebars,npm,4.0.11,4.7.7,ip-172-17-2-49.ap-southeast-1.compute.internal,i-0799e3a4b56be2630,2025-03-18,Yes,No,AWS,Agentless,https://cve.mitre.org/cgi-bin/cvename.cgi?name=CVE-2021-23369
11.8,CVE-2025-21307,Critical,9.8,Microsoft Windows Server 2022,win:s2022,KB5048654,KB5049983,ip-172-17-2-185.ap-southeast-1.compute.internal,i-0c8104214f010bf57,2026-02-03,Yes,No,AWS,Agentless,https://msrc.microsoft.com/update-guide/vulnerability/CVE-2025-21307
11.8,CVE-2025-21298,Critical,9.8,Microsoft Windows Server 2022,win:s2022,KB5048654,KB5049983,ip-172-17-2-185.ap-southeast-1.compute.internal,i-0c8104214f010bf57,2026-02-03,Yes,No,AWS,Agentless,https://msrc.microsoft.com/update-guide/vulnerability/CVE-2025-21298
11.4,CVE-2021-31597,Critical,9.4,xmlhttprequest-ssl,npm,1.5.3,1.6.1,ip-10-100-3-123.ap-southeast-1.compute.internal,i-0f3c4563f1c12a574,2025-05-31,Yes,No,AWS,Agentless,https://cve.mitre.org/cgi-bin/cvename.cgi?name=CVE-2021-31597
11.1,CVE-2019-10744,Critical,9.1,lodash,npm,4.17.4,4.17.12,ip-10-100-3-123.ap-southeast-1.compute.internal,i-0f3c4563f1c12a574,2025-05-31,Yes,No,AWS,Agentless,https://cve.mitre.org/cgi-bin/cvename.cgi?name=CVE-2019-10744
11.1,CVE-2019-10744,Critical,9.1,lodash,npm,4.17.5,4.17.12,ip-172-17-2-49.ap-southeast-1.compute.internal,i-0799e3a4b56be2630,2025-03-18,Yes,No,AWS,Agentless,https://cve.mitre.org/cgi-bin/cvename.cgi?name=CVE-2019-10744
11.1,CVE-2019-10744,Critical,9.1,lodash,npm,4.17.4,4.17.12,ip-172-17-2-49.ap-southeast-1.compute.internal,i-0799e3a4b56be2630,2025-03-18,Yes,No,AWS,Agentless,https://cve.mitre.org/cgi-bin/cvename.cgi?name=CVE-2019-10744
11.1,CVE-2019-10744,Critical,9.1,lodash,npm,3.10.1,4.17.12,ip-10-100-3-123.ap-southeast-1.compute.internal,i-0f3c4563f1c12a574,2025-05-31,Yes,No,AWS,Agentless,https://cve.mitre.org/cgi-bin/cvename.cgi?name=CVE-2019-10744
11.1,CVE-2020-36242,Critical,9.1,cryptography,python,3.2.1,3.3.2,ip-172-17-2-49.ap-southeast-1.compute.internal,i-0799e3a4b56be2630,2025-03-18,Yes,No,AWS,Agentless,https://cve.mitre.org/cgi-bin/cvename.cgi?name=CVE-2020-36242
11.1,CVE-2025-9288,Critical,9.1,sha.js,npm,2.4.10,2.4.12,ip-172-17-2-49.ap-southeast-1.compute.internal,i-0799e3a4b56be2630,2025-08-24,Yes,No,AWS,Agentless,https://cve.mitre.org/cgi-bin/cvename.cgi?name=CVE-2025-9288
11.1,CVE-2025-9288,Critical,9.1,sha.js,npm,2.4.11,2.4.12,ip-10-100-3-123.ap-southeast-1.compute.internal,i-0f3c4563f1c12a574,2025-09-06,Yes,No,AWS,Agentless,https://cve.mitre.org/cgi-bin/cvename.cgi?name=CVE-2025-9288
11.1,CVE-2025-9288,Critical,9.1,sha.js,npm,2.4.8,2.4.12,ip-10-100-3-123.ap-southeast-1.compute.internal,i-0f3c4563f1c12a574,2025-08-24,Yes,No,AWS,Agentless,https://cve.mitre.org/cgi-bin/cvename.cgi?name=CVE-2025-9288
11.1,CVE-2025-9287,Critical,9.1,cipher-base,npm,1.0.3,1.0.5,ip-10-100-3-123.ap-southeast-1.compute.internal,i-0f3c4563f1c12a574,2025-08-24,Yes,No,AWS,Agentless,https://cve.mitre.org/cgi-bin/cvename.cgi?name=CVE-2025-9287
11.1,CVE-2025-9287,Critical,9.1,cipher-base,npm,1.0.4,1.0.5,ip-10-100-3-123.ap-southeast-1.compute.internal,i-0f3c4563f1c12a574,2025-09-06,Yes,No,AWS,Agentless,https://cve.mitre.org/cgi-bin/cvename.cgi?name=CVE-2025-9287
11.1,CVE-2025-9287,Critical,9.1,cipher-base,npm,1.0.4,1.0.5,ip-172-17-2-49.ap-southeast-1.compute.internal,i-0799e3a4b56be2630,2025-09-06,Yes,No,AWS,Agentless,https://cve.mitre.org/cgi-bin/cvename.cgi?name=CVE-2025-9287
10.8,CVE-2025-29966,Critical,8.8,Microsoft Windows Server 2022,win:s2022,KB5048654,KB5058385,ip-172-17-2-185.ap-southeast-1.compute.internal,i-0c8104214f010bf57,2026-02-03,Yes,No,AWS,Agentless,https://msrc.microsoft.com/update-guide/vulnerability/CVE-2025-29966
10.8,CVE-2023-45133,Critical,8.8,@babel/traverse,npm,7.9.0,7.23.2,ip-10-100-3-123.ap-southeast-1.compute.internal,i-0f3c4563f1c12a574,2025-05-31,Yes,No,AWS,Agentless,https://cve.mitre.org/cgi-bin/cvename.cgi?name=CVE-2023-45133
10.8,CVE-2025-54918,Critical,8.8,Microsoft Windows Server 2022,win:s2022,KB5048654,KB5065432,ip-172-17-2-185.ap-southeast-1.compute.internal,i-0c8104214f010bf57,2026-02-03,Yes,No,AWS,Agentless,https://msrc.microsoft.com/update-guide/vulnerability/CVE-2025-54918
10.8,CVE-2025-26645,Critical,8.8,Microsoft Windows Server 2022,win:s2022,KB5048654,KB5053603,ip-172-17-2-185.ap-southeast-1.compute.internal,i-0c8104214f010bf57,2026-02-03,Yes,No,AWS,Agentless,https://msrc.microsoft.com/update-guide/vulnerability/CVE-2025-26645
10.8,CVE-2025-53778,Critical,8.8,Microsoft Windows Server 2022,win:s2022,KB5048654,KB5063880,ip-172-17-2-185.ap-southeast-1.compute.internal,i-0c8104214f010bf57,2026-02-03,Yes,No,AWS,Agentless,https://msrc.microsoft.com/update-guide/vulnerability/CVE-2025-53778
10.8,CVE-2025-29967,Critical,8.8,Microsoft Windows Server 2022,win:s2022,KB5048654,KB5058385,ip-172-17-2-185.ap-southeast-1.compute.internal,i-0c8104214f010bf57,2026-02-03,Yes,No,AWS,Agentless,https://msrc.microsoft.com/update-guide/vulnerability/CVE-2025-29967
10.6,CVE-2025-48822,Critical,8.6,Microsoft Windows Server 2022,win:s2022,KB5048654,KB5062572,ip-172-17-2-185.ap-southeast-1.compute.internal,i-0c8104214f010bf57,2026-02-03,Yes,No,AWS,Agentless,https://msrc.microsoft.com/update-guide/vulnerability/CVE-2025-48822
10.4,CVE-2025-24084,Critical,8.4,Microsoft Windows Server 2022,win:s2022,KB5048654,KB5053603,ip-172-17-2-185.ap-southeast-1.compute.internal,i-0c8104214f010bf57,2026-02-03,Yes,No,AWS,Agentless,https://msrc.microsoft.com/update-guide/vulnerability/CVE-2025-24084
10.1,CVE-2025-21295,Critical,8.1,Microsoft Windows Server 2022,win:s2022,KB5048654,KB5049983,ip-172-17-2-185.ap-southeast-1.compute.internal,i-0c8104214f010bf57,2026-02-03,Yes,No,AWS,Agentless,https://msrc.microsoft.com/update-guide/vulnerability/CVE-2025-21295
10.1,CVE-2025-26663,Critical,8.1,Microsoft Windows Server 2022,win:s2022,KB5048654,KB5055526,ip-172-17-2-185.ap-southeast-1.compute.internal,i-0c8104214f010bf57,2026-02-03,Yes,No,AWS,Agentless,https://msrc.microsoft.com/update-guide/vulnerability/CVE-2025-26663
10.1,CVE-2025-24035,Critical,8.1,Microsoft Windows Server 2022,win:s2022,KB5048654,KB5053603,ip-172-17-2-185.ap-southeast-1.compute.internal,i-0c8104214f010bf57,2026-02-03,Yes,No,AWS,Agentless,https://msrc.microsoft.com/update-guide/vulnerability/CVE-2025-24035
10.1,CVE-2025-21309,Critical,8.1,Microsoft Windows Server 2022,win:s2022,KB5048654,KB5049983,ip-172-17-2-185.ap-southeast-1.compute.internal,i-0c8104214f010bf57,2026-02-03,Yes,No,AWS,Agentless,https://msrc.microsoft.com/update-guide/vulnerability/CVE-2025-21309
10.1,CVE-2025-32710,Critical,8.1,Microsoft Windows Server 2022,win:s2022,KB5048654,KB5058500,ip-172-17-2-185.ap-southeast-1.compute.internal,i-0c8104214f010bf57,2026-02-03,Yes,No,AWS,Agentless,https://msrc.microsoft.com/update-guide/vulnerability/CVE-2025-32710
10.1,CVE-2025-27480,Critical,8.1,Microsoft Windows Server 2022,win:s2022,KB5048654,KB5055526,ip-172-17-2-185.ap-southeast-1.compute.internal,i-0c8104214f010bf57,2026-02-03,Yes,No,AWS,Agentless,https://msrc.microsoft.com/update-guide/vulnerability/CVE-2025-27480
10.1,CVE-2025-21294,Critical,8.1,Microsoft Windows Server 2022,win:s2022,KB5048654,KB5049983,ip-172-17-2-185.ap-southeast-1.compute.internal,i-0c8104214f010bf57,2026-02-03,Yes,No,AWS,Agentless,https://msrc.microsoft.com/update-guide/vulnerability/CVE-2025-21294
10.1,CVE-2020-28502,Critical,8.1,xmlhttprequest-ssl,npm,1.5.3,1.6.2,ip-10-100-3-123.ap-southeast-1.compute.internal,i-0f3c4563f1c12a574,2025-05-31,Yes,No,AWS,Agentless,https://cve.mitre.org/cgi-bin/cvename.cgi?name=CVE-2020-28502
10.1,CVE-2025-21376,Critical,8.1,Microsoft Windows Server 2022,win:s2022,KB5048654,KB5052106,ip-172-17-2-185.ap-southeast-1.compute.internal,i-0c8104214f010bf57,2026-02-03,Yes,No,AWS,Agentless,https://msrc.microsoft.com/update-guide/vulnerability/CVE-2025-21376
10.1,CVE-2025-49735,Critical,8.1,Microsoft Windows Server 2022,win:s2022,KB5048654,KB5060526,ip-172-17-2-185.ap-southeast-1.compute.internal,i-0c8104214f010bf57,2026-02-03,Yes,No,AWS,Agentless,https://msrc.microsoft.com/update-guide/vulnerability/CVE-2025-49735
10.1,CVE-2025-50177,Critical,8.1,Microsoft Windows Server 2022,win:s2022,KB5048654,KB5063812,ip-172-17-2-185.ap-southeast-1.compute.internal,i-0c8104214f010bf57,2026-02-03,Yes,No,AWS,Agentless,https://msrc.microsoft.com/update-guide/vulnerability/CVE-2025-50177
10.1,CVE-2025-29828,Critical,8.1,Microsoft Windows Server 2022,win:s2022,KB5048654,KB5060525,ip-172-17-2-185.ap-southeast-1.compute.internal,i-0c8104214f010bf57,2026-02-03,Yes,No,AWS,Agentless,https://msrc.microsoft.com/update-guide/vulnerability/CVE-2025-29828
10.1,CVE-2025-33071,Critical,8.1,Microsoft Windows Server 2022,win:s2022,KB5048654,KB5060525,ip-172-17-2-185.ap-southeast-1.compute.internal,i-0c8104214f010bf57,2026-02-03,Yes,No,AWS,Agentless,https://msrc.microsoft.com/update-guide/vulnerability/CVE-2025-33071
10.1,CVE-2025-21297,Critical,8.1,Microsoft Windows Server 2022,win:s2022,KB5048654,KB5049983,ip-172-17-2-185.ap-southeast-1.compute.internal,i-0c8104214f010bf57,2026-02-03,Yes,No,AWS,Agentless,https://msrc.microsoft.com/update-guide/vulnerability/CVE-2025-21297
10.1,CVE-2025-33070,Critical,8.1,Microsoft Windows Server 2022,win:s2022,KB5048654,KB5060525,ip-172-17-2-185.ap-southeast-1.compute.internal,i-0c8104214f010bf57,2026-02-03,Yes,No,AWS,Agentless,https://msrc.microsoft.com/update-guide/vulnerability/CVE-2025-33070
10.1,CVE-2025-26670,Critical,8.1,Microsoft Windows Server 2022,win:s2022,KB5048654,KB5055526,ip-172-17-2-185.ap-southeast-1.compute.internal,i-0c8104214f010bf57,2026-02-03,Yes,No,AWS,Agentless,https://msrc.microsoft.com/update-guide/vulnerability/CVE-2025-26670
10.1,CVE-2025-24045,Critical,8.1,Microsoft Windows Server 2022,win:s2022,KB5048654,KB5053603,ip-172-17-2-185.ap-southeast-1.compute.internal,i-0c8104214f010bf57,2026-02-03,Yes,No,AWS,Agentless,https://msrc.microsoft.com/update-guide/vulnerability/CVE-2025-24045
10.1,CVE-2025-27482,Critical,8.1,Microsoft Windows Server 2022,win:s2022,KB5048654,KB5055526,ip-172-17-2-185.ap-southeast-1.compute.internal,i-0c8104214f010bf57,2026-02-03,Yes,No,AWS,Agentless,https://msrc.microsoft.com/update-guide/vulnerability/CVE-2025-27482
10.1,CVE-2025-24064,Critical,8.1,Microsoft Windows Server 2022,win:s2022,KB5048654,KB5053603,ip-172-17-2-185.ap-southeast-1.compute.internal,i-0c8104214f010bf57,2026-02-03,Yes,No,AWS,Agentless,https://msrc.microsoft.com/update-guide/vulnerability/CVE-2025-24064
9.8,CVE-2025-55228,Critical,7.8,Microsoft Windows Server 2022,win:s2022,KB5048654,KB5065306,ip-172-17-2-185.ap-southeast-1.compute.internal,i-0c8104214f010bf57,2026-02-03,Yes,No,AWS,Agentless,https://msrc.microsoft.com/update-guide/vulnerability/CVE-2025-55228
9.8,CVE-2025-50176,Critical,7.8,Microsoft Windows Server 2022,win:s2022,KB5048654,KB5063880,ip-172-17-2-185.ap-southeast-1.compute.internal,i-0c8104214f010bf57,2026-02-03,Yes,No,AWS,Agentless,https://msrc.microsoft.com/update-guide/vulnerability/CVE-2025-50176
9.8,CVE-2025-53800,Critical,7.8,Microsoft Windows Server 2022,win:s2022,KB5048654,KB5065432,ip-172-17-2-185.ap-southeast-1.compute.internal,i-0c8104214f010bf57,2026-02-03,Yes,No,AWS,Agentless,https://msrc.microsoft.com/update-guide/vulnerability/CVE-2025-53800
9.8,CVE-2026-20822,Critical,7.8,Microsoft Windows Server 2022,win:s2022,KB5048654,KB5073457,ip-172-17-2-185.ap-southeast-1.compute.internal,i-0c8104214f010bf57,2026-02-03,Yes,No,AWS,Agentless,https://msrc.microsoft.com/update-guide/vulnerability/CVE-2026-20822
9.8,CVE-2025-55224,Critical,7.8,Microsoft Windows Server 2022,win:s2022,KB5048654,KB5065306,ip-172-17-2-185.ap-southeast-1.compute.internal,i-0c8104214f010bf57,2026-02-03,Yes,No,AWS,Agentless,https://msrc.microsoft.com/update-guide/vulnerability/CVE-2025-55224
9.76,GHSA-xv2f-5jw4-v95m,Critical,7.76,fsevents,npm,1.1.1,1.2.11,ip-10-100-3-123.ap-southeast-1.compute.internal,i-0f3c4563f1c12a574,2025-09-13,Yes,No,AWS,Agentless,https://github.com/advisories/GHSA-xv2f-5jw4-v95m
9.76,GHSA-xv2f-5jw4-v95m,Critical,7.76,fsevents,npm,1.2.9,1.2.11,ip-10-100-3-123.ap-southeast-1.compute.internal,i-0f3c4563f1c12a574,2025-09-13,Yes,No,AWS,Agentless,https://github.com/advisories/GHSA-xv2f-5jw4-v95m
9.7,CVE-2025-29833,Critical,7.7,Microsoft Windows Server 2022,win:s2022,KB5048654,KB5058500,ip-172-17-2-185.ap-southeast-1.compute.internal,i-0c8104214f010bf57,2026-02-03,Yes,No,AWS,Agentless,https://msrc.microsoft.com/update-guide/vulnerability/CVE-2025-29833
9.5,CVE-2025-26686,Critical,7.5,Microsoft Windows Server 2022,win:s2022,KB5048654,KB5055526,ip-172-17-2-185.ap-southeast-1.compute.internal,i-0c8104214f010bf57,2026-02-03,Yes,No,AWS,Agentless,https://msrc.microsoft.com/update-guide/vulnerability/CVE-2025-26686
9.5,CVE-2025-21296,Critical,7.5,Microsoft Windows Server 2022,win:s2022,KB5048654,KB5049983,ip-172-17-2-185.ap-southeast-1.compute.internal,i-0c8104214f010bf57,2026-02-03,Yes,No,AWS,Agentless,https://msrc.microsoft.com/update-guide/vulnerability/CVE-2025-21296
9.3,CVE-2025-55236,Critical,7.3,Microsoft Windows Server 2022,win:s2022,KB5048654,KB5065306,ip-172-17-2-185.ap-southeast-1.compute.internal,i-0c8104214f010bf57,2026-02-03,Yes,No,AWS,Agentless,https://msrc.microsoft.com/update-guide/vulnerability/CVE-2025-55236
9.1,CVE-2025-27491,Critical,7.1,Microsoft Windows Server 2022,win:s2022,KB5048654,KB5055526,ip-172-17-2-185.ap-southeast-1.compute.internal,i-0c8104214f010bf57,2026-02-03,Yes,No,AWS,Agentless,https://msrc.microsoft.com/update-guide/vulnerability/CVE-2025-27491
9.0,CVE-2025-60716,Critical,7.0,Microsoft Windows Server 2022,win:s2022,KB5048654,KB5068840,ip-172-17-2-185.ap-southeast-1.compute.internal,i-0c8104214f010bf57,2026-02-03,Yes,No,AWS,Agentless,https://msrc.microsoft.com/update-guide/vulnerability/CVE-2025-60716
8.7,CVE-2025-48807,Critical,6.7,Microsoft Windows Server 2022,win:s2022,KB5048654,KB5065306,ip-172-17-2-185.ap-southeast-1.compute.internal,i-0c8104214f010bf57,2026-02-03,Yes,No,AWS,Agentless,https://msrc.microsoft.com/update-guide/vulnerability/CVE-2025-48807
8.7,CVE-2025-55226,Critical,6.7,Microsoft Windows Server 2022,win:s2022,KB5048654,KB5065306,ip-172-17-2-185.ap-southeast-1.compute.internal,i-0c8104214f010bf57,2026-02-03,Yes,No,AWS,Agentless,https://msrc.microsoft.com/update-guide/vulnerability/CVE-2025-55226
8.2,CVE-2025-47980,Critical,6.2,Microsoft Windows Server 2022,win:s2022,KB5048654,KB5062572,ip-172-17-2-185.ap-southeast-1.compute.internal,i-0c8104214f010bf57,2026-02-03,Yes,No,AWS,Agentless,https://msrc.microsoft.com/update-guide/vulnerability/CVE-2025-47980
7.6,CVE-2024-36357,Critical,5.6,Microsoft Windows Server 2022,win:s2022,KB5048654,KB5062572,ip-172-17-2-185.ap-southeast-1.compute.internal,i-0c8104214f010bf57,2026-02-03,Yes,No,AWS,Agentless,https://msrc.microsoft.com/update-guide/vulnerability/CVE-2024-36357
7.6,CVE-2024-36350,Critical,5.6,Microsoft Windows Server 2022,win:s2022,KB5048654,KB5062572,ip-172-17-2-185.ap-southeast-1.compute.internal,i-0c8104214f010bf57,2026-02-03,Yes,No,AWS,Agentless,https://msrc.microsoft.com/update-guide/vulnerability/CVE-2024-36350
7.5,CVE-2025-53799,Critical,5.5,Microsoft Windows Server 2022,win:s2022,KB5048654,KB5065306,ip-172-17-2-185.ap-southeast-1.compute.internal,i-0c8104214f010bf57,2026-02-03,Yes,No,AWS,Agentless,https://msrc.microsoft.com/update-guide/vulnerability/CVE-2025-53799
